-- MySQL dump 10.13  Distrib 5.7.21, for Linux (x86_64)
--
-- Host: localhost    Database: autoEvalWorkClass
-- ------------------------------------------------------
-- Server version	5.7.21-0ubuntu0.17.10.1

/*!40101 SET @OLD_CHARACTER_SET_CLIENT=@@CHARACTER_SET_CLIENT */;
/*!40101 SET @OLD_CHARACTER_SET_RESULTS=@@CHARACTER_SET_RESULTS */;
/*!40101 SET @OLD_COLLATION_CONNECTION=@@COLLATION_CONNECTION */;
/*!40101 SET NAMES utf8 */;
/*!40103 SET @OLD_TIME_ZONE=@@TIME_ZONE */;
/*!40103 SET TIME_ZONE='+00:00' */;
/*!40014 SET @OLD_UNIQUE_CHECKS=@@UNIQUE_CHECKS, UNIQUE_CHECKS=0 */;
/*!40014 SET @OLD_FOREIGN_KEY_CHECKS=@@FOREIGN_KEY_CHECKS, FOREIGN_KEY_CHECKS=0 */;
/*!40101 SET @OLD_SQL_MODE=@@SQL_MODE, SQL_MODE='NO_AUTO_VALUE_ON_ZERO' */;
/*!40111 SET @OLD_SQL_NOTES=@@SQL_NOTES, SQL_NOTES=0 */;

--
-- Table structure for table `auth_group`
--

DROP TABLE IF EXISTS `auth_group`;
/*!40101 SET @saved_cs_client     = @@character_set_client */;
/*!40101 SET character_set_client = utf8 */;
CREATE TABLE `auth_group` (
  `id` int(11) NOT NULL AUTO_INCREMENT,
  `name` varchar(80) NOT NULL,
  PRIMARY KEY (`id`),
  UNIQUE KEY `name` (`name`)
) ENGINE=InnoDB DEFAULT CHARSET=latin1;
/*!40101 SET character_set_client = @saved_cs_client */;

--
-- Dumping data for table `auth_group`
--

LOCK TABLES `auth_group` WRITE;
/*!40000 ALTER TABLE `auth_group` DISABLE KEYS */;
/*!40000 ALTER TABLE `auth_group` ENABLE KEYS */;
UNLOCK TABLES;

--
-- Table structure for table `auth_group_permissions`
--

DROP TABLE IF EXISTS `auth_group_permissions`;
/*!40101 SET @saved_cs_client     = @@character_set_client */;
/*!40101 SET character_set_client = utf8 */;
CREATE TABLE `auth_group_permissions` (
  `id` int(11) NOT NULL AUTO_INCREMENT,
  `group_id` int(11) NOT NULL,
  `permission_id` int(11) NOT NULL,
  PRIMARY KEY (`id`),
  UNIQUE KEY `auth_group_permissions_group_id_permission_id_0cd325b0_uniq` (`group_id`,`permission_id`),
  KEY `auth_group_permissio_permission_id_84c5c92e_fk_auth_perm` (`permission_id`),
  CONSTRAINT `auth_group_permissio_permission_id_84c5c92e_fk_auth_perm` FOREIGN KEY (`permission_id`) REFERENCES `auth_permission` (`id`),
  CONSTRAINT `auth_group_permissions_group_id_b120cbf9_fk_auth_group_id` FOREIGN KEY (`group_id`) REFERENCES `auth_group` (`id`)
) ENGINE=InnoDB DEFAULT CHARSET=latin1;
/*!40101 SET character_set_client = @saved_cs_client */;

--
-- Dumping data for table `auth_group_permissions`
--

LOCK TABLES `auth_group_permissions` WRITE;
/*!40000 ALTER TABLE `auth_group_permissions` DISABLE KEYS */;
/*!40000 ALTER TABLE `auth_group_permissions` ENABLE KEYS */;
UNLOCK TABLES;

--
-- Table structure for table `auth_permission`
--

DROP TABLE IF EXISTS `auth_permission`;
/*!40101 SET @saved_cs_client     = @@character_set_client */;
/*!40101 SET character_set_client = utf8 */;
CREATE TABLE `auth_permission` (
  `id` int(11) NOT NULL AUTO_INCREMENT,
  `name` varchar(255) NOT NULL,
  `content_type_id` int(11) NOT NULL,
  `codename` varchar(100) NOT NULL,
  PRIMARY KEY (`id`),
  UNIQUE KEY `auth_permission_content_type_id_codename_01ab375a_uniq` (`content_type_id`,`codename`),
  CONSTRAINT `auth_permission_content_type_id_2f476e4b_fk_django_co` FOREIGN KEY (`content_type_id`) REFERENCES `django_content_type` (`id`)
) ENGINE=InnoDB AUTO_INCREMENT=46 DEFAULT CHARSET=latin1;
/*!40101 SET character_set_client = @saved_cs_client */;

--
-- Dumping data for table `auth_permission`
--

LOCK TABLES `auth_permission` WRITE;
/*!40000 ALTER TABLE `auth_permission` DISABLE KEYS */;
INSERT INTO `auth_permission` VALUES (1,'Can add log entry',1,'add_logentry'),(2,'Can change log entry',1,'change_logentry'),(3,'Can delete log entry',1,'delete_logentry'),(4,'Can add permission',2,'add_permission'),(5,'Can change permission',2,'change_permission'),(6,'Can delete permission',2,'delete_permission'),(7,'Can add group',3,'add_group'),(8,'Can change group',3,'change_group'),(9,'Can delete group',3,'delete_group'),(10,'Can add user',4,'add_user'),(11,'Can change user',4,'change_user'),(12,'Can delete user',4,'delete_user'),(13,'Can add content type',5,'add_contenttype'),(14,'Can change content type',5,'change_contenttype'),(15,'Can delete content type',5,'delete_contenttype'),(16,'Can add session',6,'add_session'),(17,'Can change session',6,'change_session'),(18,'Can delete session',6,'delete_session'),(19,'Can add estudiante',7,'add_estudiante'),(20,'Can change estudiante',7,'change_estudiante'),(21,'Can delete estudiante',7,'delete_estudiante'),(22,'Can add tema',8,'add_tema'),(23,'Can change tema',8,'change_tema'),(24,'Can delete tema',8,'delete_tema'),(25,'Can add calificacion',9,'add_calificacion'),(26,'Can change calificacion',9,'change_calificacion'),(27,'Can delete calificacion',9,'delete_calificacion'),(28,'Can add docente',10,'add_docente'),(29,'Can change docente',10,'change_docente'),(30,'Can delete docente',10,'delete_docente'),(31,'Can add video',11,'add_video'),(32,'Can change video',11,'change_video'),(33,'Can delete video',11,'delete_video'),(34,'Can add audio',12,'add_audio'),(35,'Can change audio',12,'change_audio'),(36,'Can delete audio',12,'delete_audio'),(37,'Can add intensidad',13,'add_intensidad'),(38,'Can change intensidad',13,'change_intensidad'),(39,'Can delete intensidad',13,'delete_intensidad'),(40,'Can add emocion',14,'add_emocion'),(41,'Can change emocion',14,'change_emocion'),(42,'Can delete emocion',14,'delete_emocion'),(43,'Can add curso',15,'add_curso'),(44,'Can change curso',15,'change_curso'),(45,'Can delete curso',15,'delete_curso');
/*!40000 ALTER TABLE `auth_permission` ENABLE KEYS */;
UNLOCK TABLES;

--
-- Table structure for table `auth_user`
--

DROP TABLE IF EXISTS `auth_user`;
/*!40101 SET @saved_cs_client     = @@character_set_client */;
/*!40101 SET character_set_client = utf8 */;
CREATE TABLE `auth_user` (
  `id` int(11) NOT NULL AUTO_INCREMENT,
  `password` varchar(128) NOT NULL,
  `last_login` datetime(6) DEFAULT NULL,
  `is_superuser` tinyint(1) NOT NULL,
  `username` varchar(150) NOT NULL,
  `first_name` varchar(30) NOT NULL,
  `last_name` varchar(150) NOT NULL,
  `email` varchar(254) NOT NULL,
  `is_staff` tinyint(1) NOT NULL,
  `is_active` tinyint(1) NOT NULL,
  `date_joined` datetime(6) NOT NULL,
  PRIMARY KEY (`id`),
  UNIQUE KEY `username` (`username`)
) ENGINE=InnoDB AUTO_INCREMENT=2 DEFAULT CHARSET=latin1;
/*!40101 SET character_set_client = @saved_cs_client */;

--
-- Dumping data for table `auth_user`
--

LOCK TABLES `auth_user` WRITE;
/*!40000 ALTER TABLE `auth_user` DISABLE KEYS */;
INSERT INTO `auth_user` VALUES (1,'pbkdf2_sha256$100000$uLxBYuRWHW75$WqdPW2AL/sdvuVzmYIfys1wLmwZhtnt/bICwtvDjsOQ=','2018-04-14 20:53:39.860668',1,'fx1','','','fx1@gmail.com',1,1,'2018-04-14 20:53:29.643742');
/*!40000 ALTER TABLE `auth_user` ENABLE KEYS */;
UNLOCK TABLES;

--
-- Table structure for table `auth_user_groups`
--

DROP TABLE IF EXISTS `auth_user_groups`;
/*!40101 SET @saved_cs_client     = @@character_set_client */;
/*!40101 SET character_set_client = utf8 */;
CREATE TABLE `auth_user_groups` (
  `id` int(11) NOT NULL AUTO_INCREMENT,
  `user_id` int(11) NOT NULL,
  `group_id` int(11) NOT NULL,
  PRIMARY KEY (`id`),
  UNIQUE KEY `auth_user_groups_user_id_group_id_94350c0c_uniq` (`user_id`,`group_id`),
  KEY `auth_user_groups_group_id_97559544_fk_auth_group_id` (`group_id`),
  CONSTRAINT `auth_user_groups_group_id_97559544_fk_auth_group_id` FOREIGN KEY (`group_id`) REFERENCES `auth_group` (`id`),
  CONSTRAINT `auth_user_groups_user_id_6a12ed8b_fk_auth_user_id` FOREIGN KEY (`user_id`) REFERENCES `auth_user` (`id`)
) ENGINE=InnoDB DEFAULT CHARSET=latin1;
/*!40101 SET character_set_client = @saved_cs_client */;

--
-- Dumping data for table `auth_user_groups`
--

LOCK TABLES `auth_user_groups` WRITE;
/*!40000 ALTER TABLE `auth_user_groups` DISABLE KEYS */;
/*!40000 ALTER TABLE `auth_user_groups` ENABLE KEYS */;
UNLOCK TABLES;

--
-- Table structure for table `auth_user_user_permissions`
--

DROP TABLE IF EXISTS `auth_user_user_permissions`;
/*!40101 SET @saved_cs_client     = @@character_set_client */;
/*!40101 SET character_set_client = utf8 */;
CREATE TABLE `auth_user_user_permissions` (
  `id` int(11) NOT NULL AUTO_INCREMENT,
  `user_id` int(11) NOT NULL,
  `permission_id` int(11) NOT NULL,
  PRIMARY KEY (`id`),
  UNIQUE KEY `auth_user_user_permissions_user_id_permission_id_14a6b632_uniq` (`user_id`,`permission_id`),
  KEY `auth_user_user_permi_permission_id_1fbb5f2c_fk_auth_perm` (`permission_id`),
  CONSTRAINT `auth_user_user_permi_permission_id_1fbb5f2c_fk_auth_perm` FOREIGN KEY (`permission_id`) REFERENCES `auth_permission` (`id`),
  CONSTRAINT `auth_user_user_permissions_user_id_a95ead1b_fk_auth_user_id` FOREIGN KEY (`user_id`) REFERENCES `auth_user` (`id`)
) ENGINE=InnoDB DEFAULT CHARSET=latin1;
/*!40101 SET character_set_client = @saved_cs_client */;

--
-- Dumping data for table `auth_user_user_permissions`
--

LOCK TABLES `auth_user_user_permissions` WRITE;
/*!40000 ALTER TABLE `auth_user_user_permissions` DISABLE KEYS */;
/*!40000 ALTER TABLE `auth_user_user_permissions` ENABLE KEYS */;
UNLOCK TABLES;

--
-- Table structure for table `django_admin_log`
--

DROP TABLE IF EXISTS `django_admin_log`;
/*!40101 SET @saved_cs_client     = @@character_set_client */;
/*!40101 SET character_set_client = utf8 */;
CREATE TABLE `django_admin_log` (
  `id` int(11) NOT NULL AUTO_INCREMENT,
  `action_time` datetime(6) NOT NULL,
  `object_id` longtext,
  `object_repr` varchar(200) NOT NULL,
  `action_flag` smallint(5) unsigned NOT NULL,
  `change_message` longtext NOT NULL,
  `content_type_id` int(11) DEFAULT NULL,
  `user_id` int(11) NOT NULL,
  PRIMARY KEY (`id`),
  KEY `django_admin_log_content_type_id_c4bce8eb_fk_django_co` (`content_type_id`),
  KEY `django_admin_log_user_id_c564eba6_fk` (`user_id`),
  CONSTRAINT `django_admin_log_content_type_id_c4bce8eb_fk_django_co` FOREIGN KEY (`content_type_id`) REFERENCES `django_content_type` (`id`),
  CONSTRAINT `django_admin_log_user_id_c564eba6_fk` FOREIGN KEY (`user_id`) REFERENCES `auth_user` (`id`)
) ENGINE=InnoDB AUTO_INCREMENT=27 DEFAULT CHARSET=latin1;
/*!40101 SET character_set_client = @saved_cs_client */;

--
-- Dumping data for table `django_admin_log`
--

LOCK TABLES `django_admin_log` WRITE;
/*!40000 ALTER TABLE `django_admin_log` DISABLE KEYS */;
INSERT INTO `django_admin_log` VALUES (1,'2018-04-14 21:01:37.301772','1','Docente object (1)',1,'[{\"added\": {}}]',10,1),(2,'2018-04-14 21:02:16.294957','1','Intensidad object (1)',1,'[{\"added\": {}}]',13,1),(3,'2018-04-14 21:03:50.412930','1','Curso object (1)',1,'[{\"added\": {}}, {\"added\": {\"name\": \"estudiante\", \"object\": \"Estudiante object (1)\"}}, {\"added\": {\"name\": \"estudiante\", \"object\": \"Estudiante object (2)\"}}]',15,1),(4,'2018-04-14 21:03:57.729205','1','Audio object (1)',1,'[{\"added\": {}}]',12,1),(5,'2018-04-14 21:04:31.982811','2','Audio object (2)',1,'[{\"added\": {}}]',12,1),(6,'2018-04-14 21:05:13.060527','2','Docente object (2)',1,'[{\"added\": {}}]',10,1),(7,'2018-04-14 21:05:24.636084','2','Intensidad object (2)',1,'[{\"added\": {}}]',13,1),(8,'2018-04-14 21:05:53.376663','2','Curso object (2)',1,'[{\"added\": {}}, {\"added\": {\"name\": \"estudiante\", \"object\": \"Estudiante object (3)\"}}]',15,1),(9,'2018-04-14 21:06:27.236972','2','Curso object (2)',2,'[{\"added\": {\"name\": \"estudiante\", \"object\": \"Estudiante object (4)\"}}]',15,1),(10,'2018-04-14 21:06:37.465117','3','Audio object (3)',1,'[{\"added\": {}}]',12,1),(11,'2018-04-14 21:07:03.907664','4','Audio object (4)',1,'[{\"added\": {}}]',12,1),(12,'2018-04-14 21:07:58.598194','1','Video object (1)',1,'[{\"added\": {}}]',11,1),(13,'2018-04-14 21:08:10.351563','2','Video object (2)',1,'[{\"added\": {}}]',11,1),(14,'2018-04-14 21:09:14.929145','3','Curso object (3)',1,'[{\"added\": {}}, {\"added\": {\"name\": \"estudiante\", \"object\": \"Estudiante object (5)\"}}]',15,1),(15,'2018-04-14 21:09:19.902465','3','Video object (3)',1,'[{\"added\": {}}]',11,1),(16,'2018-04-14 21:09:34.140619','4','Video object (4)',1,'[{\"added\": {}}]',11,1),(17,'2018-04-14 21:09:46.615543','5','Video object (5)',1,'[{\"added\": {}}]',11,1),(18,'2018-04-14 21:09:57.732865','6','Video object (6)',1,'[{\"added\": {}}]',11,1),(19,'2018-04-14 21:16:38.360433','1','Docente object (1)',2,'[{\"changed\": {\"fields\": [\"apellido\"]}}]',10,1),(20,'2018-04-14 21:18:19.043871','1','Tema object (1)',1,'[{\"added\": {}}]',8,1),(21,'2018-04-14 21:18:34.084656','2','Tema object (2)',1,'[{\"added\": {}}]',8,1),(22,'2018-04-14 21:19:04.471715','3','Tema object (3)',1,'[{\"added\": {}}]',8,1),(23,'2018-04-14 21:19:31.906442','4','Tema object (4)',1,'[{\"added\": {}}]',8,1),(24,'2018-04-14 21:19:51.733111','5','Tema object (5)',1,'[{\"added\": {}}]',8,1),(25,'2018-04-14 21:20:08.409531','6','Tema object (6)',1,'[{\"added\": {}}]',8,1),(26,'2018-04-15 02:13:14.600996','3','Curso object (3)',2,'[{\"changed\": {\"fields\": [\"sede\"]}}]',15,1);
/*!40000 ALTER TABLE `django_admin_log` ENABLE KEYS */;
UNLOCK TABLES;

--
-- Table structure for table `django_content_type`
--

DROP TABLE IF EXISTS `django_content_type`;
/*!40101 SET @saved_cs_client     = @@character_set_client */;
/*!40101 SET character_set_client = utf8 */;
CREATE TABLE `django_content_type` (
  `id` int(11) NOT NULL AUTO_INCREMENT,
  `app_label` varchar(100) NOT NULL,
  `model` varchar(100) NOT NULL,
  PRIMARY KEY (`id`),
  UNIQUE KEY `django_content_type_app_label_model_76bd3d3b_uniq` (`app_label`,`model`)
) ENGINE=InnoDB AUTO_INCREMENT=16 DEFAULT CHARSET=latin1;
/*!40101 SET character_set_client = @saved_cs_client */;

--
-- Dumping data for table `django_content_type`
--

LOCK TABLES `django_content_type` WRITE;
/*!40000 ALTER TABLE `django_content_type` DISABLE KEYS */;
INSERT INTO `django_content_type` VALUES (1,'admin','logentry'),(3,'auth','group'),(2,'auth','permission'),(4,'auth','user'),(5,'contenttypes','contenttype'),(6,'sessions','session'),(12,'workClass','audio'),(9,'workClass','calificacion'),(15,'workClass','curso'),(10,'workClass','docente'),(14,'workClass','emocion'),(7,'workClass','estudiante'),(13,'workClass','intensidad'),(8,'workClass','tema'),(11,'workClass','video');
/*!40000 ALTER TABLE `django_content_type` ENABLE KEYS */;
UNLOCK TABLES;

--
-- Table structure for table `django_migrations`
--

DROP TABLE IF EXISTS `django_migrations`;
/*!40101 SET @saved_cs_client     = @@character_set_client */;
/*!40101 SET character_set_client = utf8 */;
CREATE TABLE `django_migrations` (
  `id` int(11) NOT NULL AUTO_INCREMENT,
  `app` varchar(255) NOT NULL,
  `name` varchar(255) NOT NULL,
  `applied` datetime(6) NOT NULL,
  PRIMARY KEY (`id`)
) ENGINE=InnoDB AUTO_INCREMENT=16 DEFAULT CHARSET=latin1;
/*!40101 SET character_set_client = @saved_cs_client */;

--
-- Dumping data for table `django_migrations`
--

LOCK TABLES `django_migrations` WRITE;
/*!40000 ALTER TABLE `django_migrations` DISABLE KEYS */;
INSERT INTO `django_migrations` VALUES (1,'contenttypes','0001_initial','2018-04-14 20:03:56.606311'),(2,'auth','0001_initial','2018-04-14 20:03:57.105750'),(3,'admin','0001_initial','2018-04-14 20:03:57.262036'),(4,'admin','0002_logentry_remove_auto_add','2018-04-14 20:03:57.285396'),(5,'contenttypes','0002_remove_content_type_name','2018-04-14 20:03:57.405228'),(6,'auth','0002_alter_permission_name_max_length','2018-04-14 20:03:57.444351'),(7,'auth','0003_alter_user_email_max_length','2018-04-14 20:03:57.471950'),(8,'auth','0004_alter_user_username_opts','2018-04-14 20:03:57.486517'),(9,'auth','0005_alter_user_last_login_null','2018-04-14 20:03:57.525498'),(10,'auth','0006_require_contenttypes_0002','2018-04-14 20:03:57.531385'),(11,'auth','0007_alter_validators_add_error_messages','2018-04-14 20:03:57.583569'),(12,'auth','0008_alter_user_username_max_length','2018-04-14 20:03:57.670255'),(13,'auth','0009_alter_user_last_name_max_length','2018-04-14 20:03:57.687853'),(14,'sessions','0001_initial','2018-04-14 20:03:57.721973'),(15,'workClass','0001_initial','2018-04-14 20:36:46.648337');
/*!40000 ALTER TABLE `django_migrations` ENABLE KEYS */;
UNLOCK TABLES;

--
-- Table structure for table `django_session`
--

DROP TABLE IF EXISTS `django_session`;
/*!40101 SET @saved_cs_client     = @@character_set_client */;
/*!40101 SET character_set_client = utf8 */;
CREATE TABLE `django_session` (
  `session_key` varchar(40) NOT NULL,
  `session_data` longtext NOT NULL,
  `expire_date` datetime(6) NOT NULL,
  PRIMARY KEY (`session_key`),
  KEY `django_session_expire_date_a5c62663` (`expire_date`)
) ENGINE=InnoDB DEFAULT CHARSET=latin1;
/*!40101 SET character_set_client = @saved_cs_client */;

--
-- Dumping data for table `django_session`
--

LOCK TABLES `django_session` WRITE;
/*!40000 ALTER TABLE `django_session` DISABLE KEYS */;
INSERT INTO `django_session` VALUES ('zsk0zkt1e7cz37te2b3ye6baq7avt9l7','ODZiZWQwNDM4ZGUwYWQ0MmRmNTkzZmY4NjZmMDlmZjNkNmFkYTljZjp7Il9hdXRoX3VzZXJfaWQiOiIxIiwiX2F1dGhfdXNlcl9iYWNrZW5kIjoiZGphbmdvLmNvbnRyaWIuYXV0aC5iYWNrZW5kcy5Nb2RlbEJhY2tlbmQiLCJfYXV0aF91c2VyX2hhc2giOiJmZGRhNTNiZGYyN2IxNTdiNDY5YTdlYWRjOWVjMjQzYWQxMzEwMGMyIn0=','2018-04-28 20:53:39.863458');
/*!40000 ALTER TABLE `django_session` ENABLE KEYS */;
UNLOCK TABLES;

--
-- Table structure for table `workClass_audio`
--

DROP TABLE IF EXISTS `workClass_audio`;
/*!40101 SET @saved_cs_client     = @@character_set_client */;
/*!40101 SET character_set_client = utf8 */;
CREATE TABLE `workClass_audio` (
  `id` int(11) NOT NULL AUTO_INCREMENT,
  `duracion` double NOT NULL,
  `formato` varchar(6) NOT NULL,
  `ruta` varchar(100) NOT NULL,
  `curso_id` int(11) NOT NULL,
  PRIMARY KEY (`id`),
  KEY `workClass_audio_curso_id_9a9cc696_fk_workClass_curso_id` (`curso_id`),
  CONSTRAINT `workClass_audio_curso_id_9a9cc696_fk_workClass_curso_id` FOREIGN KEY (`curso_id`) REFERENCES `workClass_curso` (`id`)
) ENGINE=InnoDB AUTO_INCREMENT=5 DEFAULT CHARSET=latin1;
/*!40101 SET character_set_client = @saved_cs_client */;

--
-- Dumping data for table `workClass_audio`
--

LOCK TABLES `workClass_audio` WRITE;
/*!40000 ALTER TABLE `workClass_audio` DISABLE KEYS */;
INSERT INTO `workClass_audio` VALUES (1,10,'MP3','audio1.mp3',1),(2,20,'MP3','audio2.mp3',1),(3,22,'MP3','audio3.mp3',2),(4,11,'MP3','audio4.mp3',1);
/*!40000 ALTER TABLE `workClass_audio` ENABLE KEYS */;
UNLOCK TABLES;

--
-- Table structure for table `workClass_calificacion`
--

DROP TABLE IF EXISTS `workClass_calificacion`;
/*!40101 SET @saved_cs_client     = @@character_set_client */;
/*!40101 SET character_set_client = utf8 */;
CREATE TABLE `workClass_calificacion` (
  `id` int(11) NOT NULL AUTO_INCREMENT,
  `calificacion` double NOT NULL,
  `curso_id` int(11) NOT NULL,
  `estudiante_id` int(11) NOT NULL,
  PRIMARY KEY (`id`),
  UNIQUE KEY `curso_id` (`curso_id`),
  KEY `workClass_calificaci_estudiante_id_1bd413d1_fk_workClass` (`estudiante_id`),
  CONSTRAINT `workClass_calificaci_estudiante_id_1bd413d1_fk_workClass` FOREIGN KEY (`estudiante_id`) REFERENCES `workClass_estudiante` (`id`),
  CONSTRAINT `workClass_calificacion_curso_id_1f38e7ea_fk_workClass_curso_id` FOREIGN KEY (`curso_id`) REFERENCES `workClass_curso` (`id`)
) ENGINE=InnoDB DEFAULT CHARSET=latin1;
/*!40101 SET character_set_client = @saved_cs_client */;

--
-- Dumping data for table `workClass_calificacion`
--

LOCK TABLES `workClass_calificacion` WRITE;
/*!40000 ALTER TABLE `workClass_calificacion` DISABLE KEYS */;
/*!40000 ALTER TABLE `workClass_calificacion` ENABLE KEYS */;
UNLOCK TABLES;

--
-- Table structure for table `workClass_curso`
--

DROP TABLE IF EXISTS `workClass_curso`;
/*!40101 SET @saved_cs_client     = @@character_set_client */;
/*!40101 SET character_set_client = utf8 */;
CREATE TABLE `workClass_curso` (
  `id` int(11) NOT NULL AUTO_INCREMENT,
  `nivel` varchar(20) NOT NULL,
  `sede` varchar(20) NOT NULL,
  `idioma` varchar(20) NOT NULL,
  `fecha` date NOT NULL,
  `docente_id` int(11) NOT NULL,
  `intensidad_id` int(11) NOT NULL,
  PRIMARY KEY (`id`),
  KEY `workClass_curso_docente_id_4e6cb7ed_fk_workClass_docente_id` (`docente_id`),
  KEY `workClass_curso_intensidad_id_90d556c9_fk_workClass` (`intensidad_id`),
  CONSTRAINT `workClass_curso_docente_id_4e6cb7ed_fk_workClass_docente_id` FOREIGN KEY (`docente_id`) REFERENCES `workClass_docente` (`id`),
  CONSTRAINT `workClass_curso_intensidad_id_90d556c9_fk_workClass` FOREIGN KEY (`intensidad_id`) REFERENCES `workClass_intensidad` (`id`)
) ENGINE=InnoDB AUTO_INCREMENT=4 DEFAULT CHARSET=latin1;
/*!40101 SET character_set_client = @saved_cs_client */;

--
-- Dumping data for table `workClass_curso`
--

LOCK TABLES `workClass_curso` WRITE;
/*!40000 ALTER TABLE `workClass_curso` DISABLE KEYS */;
INSERT INTO `workClass_curso` VALUES (1,'2','Poblado','Ingles','2018-04-14',1,1),(2,'1','Poblado','Ingles','2018-04-14',2,2),(3,'6','Laureles','Ingles','2018-04-14',2,1);
/*!40000 ALTER TABLE `workClass_curso` ENABLE KEYS */;
UNLOCK TABLES;

--
-- Table structure for table `workClass_docente`
--

DROP TABLE IF EXISTS `workClass_docente`;
/*!40101 SET @saved_cs_client     = @@character_set_client */;
/*!40101 SET character_set_client = utf8 */;
CREATE TABLE `workClass_docente` (
  `id` int(11) NOT NULL AUTO_INCREMENT,
  `nombre` varchar(50) NOT NULL,
  `apellido` varchar(50) NOT NULL,
  `edad` int(11) NOT NULL,
  `celular` varchar(10) NOT NULL,
  `correo` varchar(254) NOT NULL,
  `estado` varchar(20) NOT NULL,
  PRIMARY KEY (`id`)
) ENGINE=InnoDB AUTO_INCREMENT=3 DEFAULT CHARSET=latin1;
/*!40101 SET character_set_client = @saved_cs_client */;

--
-- Dumping data for table `workClass_docente`
--

LOCK TABLES `workClass_docente` WRITE;
/*!40000 ALTER TABLE `workClass_docente` DISABLE KEYS */;
INSERT INTO `workClass_docente` VALUES (1,'David','Perez',35,'3143002851','david@gmail.com','Activo'),(2,'Andres','Rojas',32,'3112852748','andres@gmail.com','Activo');
/*!40000 ALTER TABLE `workClass_docente` ENABLE KEYS */;
UNLOCK TABLES;

--
-- Table structure for table `workClass_emocion`
--

DROP TABLE IF EXISTS `workClass_emocion`;
/*!40101 SET @saved_cs_client     = @@character_set_client */;
/*!40101 SET character_set_client = utf8 */;
CREATE TABLE `workClass_emocion` (
  `id` int(11) NOT NULL AUTO_INCREMENT,
  `emocion` varchar(20) NOT NULL,
  `audio_id` int(11) NOT NULL,
  `video_id` int(11) NOT NULL,
  PRIMARY KEY (`id`),
  KEY `workClass_emocion_audio_id_0d701413_fk_workClass_audio_id` (`audio_id`),
  KEY `workClass_emocion_video_id_646f14b2_fk_workClass_video_id` (`video_id`),
  CONSTRAINT `workClass_emocion_audio_id_0d701413_fk_workClass_audio_id` FOREIGN KEY (`audio_id`) REFERENCES `workClass_audio` (`id`),
  CONSTRAINT `workClass_emocion_video_id_646f14b2_fk_workClass_video_id` FOREIGN KEY (`video_id`) REFERENCES `workClass_video` (`id`)
) ENGINE=InnoDB DEFAULT CHARSET=latin1;
/*!40101 SET character_set_client = @saved_cs_client */;

--
-- Dumping data for table `workClass_emocion`
--

LOCK TABLES `workClass_emocion` WRITE;
/*!40000 ALTER TABLE `workClass_emocion` DISABLE KEYS */;
/*!40000 ALTER TABLE `workClass_emocion` ENABLE KEYS */;
UNLOCK TABLES;

--
-- Table structure for table `workClass_estudiante`
--

DROP TABLE IF EXISTS `workClass_estudiante`;
/*!40101 SET @saved_cs_client     = @@character_set_client */;
/*!40101 SET character_set_client = utf8 */;
CREATE TABLE `workClass_estudiante` (
  `id` int(11) NOT NULL AUTO_INCREMENT,
  `nombre` varchar(50) NOT NULL,
  `apellido` varchar(50) NOT NULL,
  `edad` int(11) NOT NULL,
  `celular` varchar(10) NOT NULL,
  `correo` varchar(254) NOT NULL,
  `estado` varchar(20) NOT NULL,
  `curso_id` int(11) NOT NULL,
  PRIMARY KEY (`id`),
  KEY `workClass_estudiante_curso_id_1c511edd_fk_workClass_curso_id` (`curso_id`),
  CONSTRAINT `workClass_estudiante_curso_id_1c511edd_fk_workClass_curso_id` FOREIGN KEY (`curso_id`) REFERENCES `workClass_curso` (`id`)
) ENGINE=InnoDB AUTO_INCREMENT=6 DEFAULT CHARSET=latin1;
/*!40101 SET character_set_client = @saved_cs_client */;

--
-- Dumping data for table `workClass_estudiante`
--

LOCK TABLES `workClass_estudiante` WRITE;
/*!40000 ALTER TABLE `workClass_estudiante` DISABLE KEYS */;
INSERT INTO `workClass_estudiante` VALUES (1,'Carlos','Blanco',22,'3002851579','carlos@gmail.com','Activo',1),(2,'Gustavo','Garcia',20,'3122851589','gustavo@gmail.com','Activo',1),(3,'Jose','Gomez',19,'3105757476','jose@gmail.com','Activo',2),(4,'Juan','Romero',18,'3122851589','juan@gmail.com','Activo',2),(5,'Pedro','Caracas',21,'3002851579','pedro@gmail.com','Activo',3);
/*!40000 ALTER TABLE `workClass_estudiante` ENABLE KEYS */;
UNLOCK TABLES;

--
-- Table structure for table `workClass_intensidad`
--

DROP TABLE IF EXISTS `workClass_intensidad`;
/*!40101 SET @saved_cs_client     = @@character_set_client */;
/*!40101 SET character_set_client = utf8 */;
CREATE TABLE `workClass_intensidad` (
  `id` int(11) NOT NULL AUTO_INCREMENT,
  `horario` varchar(300) NOT NULL,
  `intensidad` varchar(60) NOT NULL,
  `horas_diarias` varchar(5) NOT NULL,
  `horas_semanales` varchar(5) NOT NULL,
  PRIMARY KEY (`id`)
) ENGINE=InnoDB AUTO_INCREMENT=3 DEFAULT CHARSET=latin1;
/*!40101 SET character_set_client = @saved_cs_client */;

--
-- Dumping data for table `workClass_intensidad`
--

LOCK TABLES `workClass_intensidad` WRITE;
/*!40000 ALTER TABLE `workClass_intensidad` DISABLE KEYS */;
INSERT INTO `workClass_intensidad` VALUES (1,'Lunes - Miercoles','Horario regular','2','4'),(2,'Martes - Jueves','Horario semi-intensivo','2','4');
/*!40000 ALTER TABLE `workClass_intensidad` ENABLE KEYS */;
UNLOCK TABLES;

--
-- Table structure for table `workClass_tema`
--

DROP TABLE IF EXISTS `workClass_tema`;
/*!40101 SET @saved_cs_client     = @@character_set_client */;
/*!40101 SET character_set_client = utf8 */;
CREATE TABLE `workClass_tema` (
  `id` int(11) NOT NULL AUTO_INCREMENT,
  `nombre` varchar(200) NOT NULL,
  `descripcion` longtext NOT NULL,
  `fecha` date NOT NULL,
  `curso_id` int(11) NOT NULL,
  PRIMARY KEY (`id`),
  KEY `workClass_tema_curso_id_34426855_fk_workClass_curso_id` (`curso_id`),
  CONSTRAINT `workClass_tema_curso_id_34426855_fk_workClass_curso_id` FOREIGN KEY (`curso_id`) REFERENCES `workClass_curso` (`id`)
) ENGINE=InnoDB AUTO_INCREMENT=7 DEFAULT CHARSET=latin1;
/*!40101 SET character_set_client = @saved_cs_client */;

--
-- Dumping data for table `workClass_tema`
--

LOCK TABLES `workClass_tema` WRITE;
/*!40000 ALTER TABLE `workClass_tema` DISABLE KEYS */;
INSERT INTO `workClass_tema` VALUES (1,'Tema 1','Descripcion tema 1','2018-04-14',1),(2,'Tema 2','Descripción tema 2','2018-04-14',2),(3,'Tema 3','Descripción tema 3','2018-04-14',3),(4,'Tema 4','Descripción tema 4','2018-04-14',2),(5,'Tema 5','Descripción tema 5','2018-04-14',3),(6,'Tema 6','Descripción tema 6','2018-04-14',3);
/*!40000 ALTER TABLE `workClass_tema` ENABLE KEYS */;
UNLOCK TABLES;

--
-- Table structure for table `workClass_video`
--

DROP TABLE IF EXISTS `workClass_video`;
/*!40101 SET @saved_cs_client     = @@character_set_client */;
/*!40101 SET character_set_client = utf8 */;
CREATE TABLE `workClass_video` (
  `id` int(11) NOT NULL AUTO_INCREMENT,
  `duracion` double NOT NULL,
  `formato` varchar(6) NOT NULL,
  `ruta` varchar(100) NOT NULL,
  `curso_id` int(11) NOT NULL,
  PRIMARY KEY (`id`),
  KEY `workClass_video_curso_id_9fe3c683_fk_workClass_curso_id` (`curso_id`),
  CONSTRAINT `workClass_video_curso_id_9fe3c683_fk_workClass_curso_id` FOREIGN KEY (`curso_id`) REFERENCES `workClass_curso` (`id`)
) ENGINE=InnoDB AUTO_INCREMENT=7 DEFAULT CHARSET=latin1;
/*!40101 SET character_set_client = @saved_cs_client */;

--
-- Dumping data for table `workClass_video`
--

LOCK TABLES `workClass_video` WRITE;
/*!40000 ALTER TABLE `workClass_video` DISABLE KEYS */;
INSERT INTO `workClass_video` VALUES (1,12,'MP4','video1.mp4',1),(2,14,'MP4','video2.mp4',2),(3,18,'MP4','video3.mp4',3),(4,9,'MP4','video4.mp4',1),(5,10,'MP4','video5.mp4',2),(6,13,'MP4','video6.mp4',3);
/*!40000 ALTER TABLE `workClass_video` ENABLE KEYS */;
UNLOCK TABLES;
/*!40103 SET TIME_ZONE=@OLD_TIME_ZONE */;

/*!40101 SET SQL_MODE=@OLD_SQL_MODE */;
/*!40014 SET FOREIGN_KEY_CHECKS=@OLD_FOREIGN_KEY_CHECKS */;
/*!40014 SET UNIQUE_CHECKS=@OLD_UNIQUE_CHECKS */;
/*!40101 SET CHARACTER_SET_CLIENT=@OLD_CHARACTER_SET_CLIENT */;
/*!40101 SET CHARACTER_SET_RESULTS=@OLD_CHARACTER_SET_RESULTS */;
/*!40101 SET COLLATION_CONNECTION=@OLD_COLLATION_CONNECTION */;
/*!40111 SET SQL_NOTES=@OLD_SQL_NOTES */;

-- Dump completed on 2018-04-15 11:57:59
